distill_type,seed,final_epoch,final_train_loss,final_val_loss,final_val_acc,validation_accuracy_sst2_final,validation_accuracy_mmlu_final,validation_accuracy_gsm8k_final
black_box,0,2,717.2893401015228,8.998579545454545,0.2871428571428571,0.4152892561983471,0.0,0.0
black_box,1,2,727.6852791878173,8.653409090909092,0.3357142857142857,0.4805725971370143,0.0,0.0
black_box,2,2,798.0507614213197,8.193181818181818,0.3857142857142857,0.536779324055666,0.0,0.0
black_box,3,2,763.9796954314721,8.367897727272727,0.2771428571428571,0.381139489194499,0.0,0.0
black_box,4,2,719.4111675126903,8.029829545454545,0.2628571428571428,0.3622047244094488,0.0,0.0
black_box,5,2,727.0203045685279,8.464488636363637,0.2971428571428571,0.4031007751937984,0.0,0.0
black_box,6,2,719.2994923857868,8.484375,0.1314285714285714,0.184,0.0,0.0
